band,snr,BER
9,20.76757669,0.00637254902
9,19.81740236,0.0228587963
9,19.09618974,0.06290509259
9,17.9435575,0.2566889632
9,16.91991329,0.2738095238
24,20.02064764,0.0027
24,19.04370964,0.03825
24,17.33278126,0.191
24,16.29907608,0.233
